{
    "providers": [
        {
            "type": "bitmap",
            "file": "minecraft:ranks/top1.png",
            "ascent": 8,
            "height": 8,
            "chars": ["ゟ"]
        },
        {
            "type": "bitmap",
            "file": "minecraft:ranks/top2.png",
            "ascent": 8,
            "height": 8,
            "chars": ["ゞ"]
        },
        {
            "type": "bitmap",
            "file": "minecraft:ranks/top3.png",
            "ascent": 8,
            "height": 8,
            "chars": ["ゝ"]
        },
        {
            "type": "bitmap",
            "file": "minecraft:ranks/scoreboard_top.png",
            "ascent": 8,
            "height": 8,
            "chars": ["き"]
        },
        {
            "type": "bitmap",
            "file": "minecraft:ranks/scoreboard_time.png",
            "ascent": 8,
            "height": 8,
            "chars": ["が"]
        },
        {
            "type": "bitmap",
            "file": "minecraft:ranks/scoreboard_rank.png",
            "ascent": 8,
            "height": 8,
            "chars": ["か"]
        },
        {
            "type": "bitmap",
            "file": "minecraft:ranks/scoreboard_points.png",
            "ascent": 8,
            "height": 8,
            "chars": ["お"]
        },
        {
            "type": "bitmap",
            "file": "minecraft:ranks/scoreboard_player.png",
            "ascent": 8,
            "height": 8,
            "chars": ["ぉ"]
        },
        {
            "type": "bitmap",
            "file": "minecraft:ranks/scoreboard_money.png",
            "ascent": 8,
            "height": 8,
            "chars": ["え"]
        },
        {
            "type": "bitmap",
            "file": "minecraft:ranks/scoreboard_kills.png",
            "ascent": 8,
            "height": 8,
            "chars": ["ぇ"]
        },
        {
            "type": "bitmap",
            "file": "minecraft:ranks/scoreboard_heart.png",
            "ascent": 8,
            "height": 8,
            "chars": ["う"]
        },
        {
            "type": "bitmap",
            "file": "minecraft:ranks/scoreboard_guild.png",
            "ascent": 8,
            "height": 8,
            "chars": ["ぅ"]
        },
        {
            "type": "bitmap",
            "file": "minecraft:ranks/scoreboard_deaths.png",
            "ascent": 8,
            "height": 8,
            "chars": ["い"]
        },
        {
            "type": "bitmap",
            "file": "minecraft:ranks/scoreboard_channel_b.png",
            "ascent": 8,
            "height": 8,
            "chars": ["ぃ"]
        },
        {
            "type": "bitmap",
            "file": "minecraft:ranks/scoreboard_channel_arrow.png",
            "ascent": 8,
            "height": 8,
            "chars": ["あ"]
        },
        {
            "type": "bitmap",
            "file": "minecraft:ranks/gracz.png",
            "ascent": 7,
            "height": 8,
            "chars": ["ぎ"]
        },
        {
            "type": "bitmap",
            "file": "minecraft:ranks/vip.png",
            "ascent": 7,
            "height": 8,
            "chars": ["こ"]
        },
        {
            "type": "bitmap",
            "file": "minecraft:ranks/svip.png",
            "ascent": 7,
            "height": 8,
            "chars": ["め"]
        },
        {
            "type": "bitmap",
            "file": "minecraft:ranks/elita.png",
            "ascent": 7,
            "height": 8,
            "chars": ["に"]
        },
        {
            "type": "bitmap",
            "file": "minecraft:ranks/media.png",
            "ascent": 7,
            "height": 8,
            "chars": ["で"]
        },
        {
            "type": "bitmap",
            "file": "minecraft:ranks/support.png",
            "ascent": 7,
            "height": 8,
            "chars": ["ャ"]
        },
        {
            "type": "bitmap",
            "file": "minecraft:ranks/moderator.png",
            "ascent": 7,
            "height": 8,
            "chars": ["ば"]
        },
        {
            "type": "bitmap",
            "file": "minecraft:ranks/admin.png",
            "ascent": 7,
            "height": 8,
            "chars": ["ギ"]
        },
        {
            "type": "bitmap",
            "file": "minecraft:ranks/h-admin.png",
            "ascent": 7,
            "height": 8,
            "chars": ["ヴ"]
        },
        {
            "type": "bitmap",
            "file": "minecraft:ranks/dev.png",
            "ascent": 7,
            "height": 8,
            "chars": ["ガ"]
        },
        {
            "type": "bitmap",
            "file": "minecraft:ranks/wlasciciel.png",
            "ascent": 7,
            "height": 8,
            "chars": ["ヮ"]
        },
        {
            "type": "bitmap",
            "file": "minecraft:ranks/muhsroom.png",
            "ascent": 8,
            "height": 8,
            "chars": ["⨮"]
        },
        {
            "type": "bitmap",
            "file": "minecraft:ranks/rocket.png",
            "ascent": 8,
            "height": 8,
            "chars": ["⩑"]
        },
        {
            "type": "bitmap",
            "file": "minecraft:ranks/scoreboard_channel.png",
            "ascent": 8,
            "height": 8,
            "chars": ["ぁ"]
        }
    ]
}