{
	"credit": "Made with Blockbench",
	"texture_size": [64, 64],
	"textures": {
		"0": "block/carved_pumpkin/17",
		"particle": "block/carved_pumpkin/17"
	},
	"elements": [
		{
			"from": [3, -0.5, 5.5],
			"to": [13, 8.5, 12.5],
			"rotation": {"angle": 0, "axis": "y", "origin": [8, 9, 8]},
			"faces": {
				"north": {"uv": [1.75, 1.75, 4.25, 4], "texture": "#0"},
				"east": {"uv": [0, 1.75, 1.75, 4], "texture": "#0"},
				"south": {"uv": [6, 1.75, 8.5, 4], "texture": "#0"},
				"west": {"uv": [4.25, 1.75, 6, 4], "texture": "#0"},
				"up": {"uv": [4.25, 1.75, 1.75, 0], "texture": "#0"},
				"down": {"uv": [6.75, 0, 4.25, 1.75], "texture": "#0"}
			}
		},
		{
			"from": [6, 8.5, 8.5],
			"to": [7, 14.5, 8.5],
			"rotation": {"angle": 22.5, "axis": "z", "origin": [7, 8.5, 8.5]},
			"faces": {
				"north": {"uv": [0, 0, 0.25, 1.5], "texture": "#0"},
				"east": {"uv": [0, 0, 0, 1.5], "texture": "#0"},
				"south": {"uv": [0.25, 0, 0.5, 1.5], "texture": "#0"},
				"west": {"uv": [0.25, 0, 0.25, 1.5], "texture": "#0"},
				"up": {"uv": [0.25, 0, 0, 0], "texture": "#0"},
				"down": {"uv": [0.5, 0, 0.25, 0], "texture": "#0"}
			}
		},
		{
			"from": [9, 8.5, 8.5],
			"to": [10, 14.5, 8.5],
			"rotation": {"angle": -22.5, "axis": "z", "origin": [9, 8.5, 8.5]},
			"faces": {
				"north": {"uv": [0.5, 0, 0.75, 1.5], "texture": "#0"},
				"east": {"uv": [0.5, 0, 0.5, 1.5], "texture": "#0"},
				"south": {"uv": [0.75, 0, 1, 1.5], "texture": "#0"},
				"west": {"uv": [0.75, 0, 0.75, 1.5], "texture": "#0"},
				"up": {"uv": [0.75, 0, 0.5, 0], "texture": "#0"},
				"down": {"uv": [1, 0, 0.75, 0], "texture": "#0"}
			}
		},
		{
			"from": [2, -1.5, 1.5],
			"to": [14, 9.5, 5.5],
			"rotation": {"angle": 0, "axis": "y", "origin": [8, 9, 8]},
			"faces": {
				"north": {"uv": [1, 5, 4, 7.75], "texture": "#0"},
				"east": {"uv": [0, 5, 1, 7.75], "texture": "#0"},
				"south": {"uv": [5, 5, 8, 7.75], "texture": "#0"},
				"west": {"uv": [4, 5, 5, 7.75], "texture": "#0"},
				"up": {"uv": [4, 5, 1, 4], "texture": "#0"},
				"down": {"uv": [7, 4, 4, 5], "texture": "#0"}
			}
		}
	],
	"display": {
		"thirdperson_righthand": {
			"rotation": [54.25, 0, 0],
			"scale": [0.7, 0.7, 0.7]
		},
		"thirdperson_lefthand": {
			"rotation": [54.25, 0, 0],
			"scale": [0.7, 0.7, 0.7]
		},
		"firstperson_righthand": {
			"translation": [0, 1.75, 0]
		},
		"firstperson_lefthand": {
			"translation": [0, 1.75, 0]
		},
		"ground": {
			"translation": [0, 6.5, 0]
		},
		"gui": {
			"rotation": [11, -160, 0],
			"translation": [-0.25, 1.5, 0],
			"scale": [0.8, 0.8, 0.8]
		},
		"head": {
			"translation": [0, 7, 0],
			"scale": [1.6, 1.6, 1.6]
		},
		"fixed": {
			"translation": [0, 2, 0]
		}
	}
}