{
	"credit": "Made with Blockbench",
	"texture_size": [64, 64],
	"textures": {
		"0": "block/carved_pumpkin/21",
		"particle": "block/carved_pumpkin/21"
	},
	"elements": [
		{
			"from": [2, 8, 2],
			"to": [14, 8, 14],
			"faces": {
				"north": {"uv": [3, 3, 6, 3], "texture": "#0"},
				"east": {"uv": [0, 3, 3, 3], "texture": "#0"},
				"south": {"uv": [9, 3, 12, 3], "texture": "#0"},
				"west": {"uv": [6, 3, 9, 3], "texture": "#0"},
				"up": {"uv": [6, 3, 3, 0], "texture": "#0"},
				"down": {"uv": [9, 0, 6, 3], "texture": "#0"}
			}
		},
		{
			"from": [4, 8, 4],
			"to": [12, 19, 12],
			"faces": {
				"north": {"uv": [2, 5, 4, 7.75], "texture": "#0"},
				"east": {"uv": [0, 5, 2, 7.75], "texture": "#0"},
				"south": {"uv": [6, 5, 8, 7.75], "texture": "#0"},
				"west": {"uv": [4, 5, 6, 7.75], "texture": "#0"},
				"up": {"uv": [4, 5, 2, 3], "texture": "#0"},
				"down": {"uv": [6, 3, 4, 5], "texture": "#0"}
			}
		},
		{
			"from": [3.75, 8, 3.75],
			"to": [12.25, 9, 12.25],
			"faces": {
				"north": {"uv": [8, 7.75, 10, 8], "texture": "#0"},
				"east": {"uv": [6, 7.75, 8, 8], "texture": "#0"},
				"south": {"uv": [12, 7.75, 14, 8], "texture": "#0"},
				"west": {"uv": [10, 7.75, 12, 8], "texture": "#0"},
				"up": {"uv": [10, 7.75, 8, 5.75], "texture": "#0"},
				"down": {"uv": [12, 5.75, 10, 7.75], "texture": "#0"}
			}
		}
	],
	"display": {
		"thirdperson_righthand": {
			"rotation": [0, 60, -90],
			"translation": [-2, -2, -0.5],
			"scale": [0.7, 0.7, 0.7]
		},
		"thirdperson_lefthand": {
			"rotation": [0, 60, -90],
			"translation": [-2, -2, -0.5],
			"scale": [0.7, 0.7, 0.7]
		},
		"firstperson_righthand": {
			"translation": [0.75, 2, 0],
			"scale": [0.9, 0.9, 0.9]
		},
		"firstperson_lefthand": {
			"translation": [0.75, 2, 0],
			"scale": [0.9, 0.9, 0.9]
		},
		"ground": {
			"translation": [0, -3, 0]
		},
		"gui": {
			"rotation": [13, -158, 0],
			"translation": [0, -4.75, 0],
			"scale": [0.9, 0.9, 0.9]
		},
		"head": {
			"translation": [0, 6.5, 0],
			"scale": [1.6, 1.6, 1.6]
		},
		"fixed": {
			"translation": [0, -5.25, 0]
		}
	}
}