{
	"credit": "Made with Blockbench",
	"texture_size": [64, 64],
	"textures": {
		"0": "block/carved_pumpkin/22",
		"particle": "block/carved_pumpkin/22"
	},
	"elements": [
		{
			"from": [3, 7, 3],
			"to": [13, 10, 13],
			"rotation": {"angle": 0, "axis": "y", "origin": [0, -1, 0]},
			"faces": {
				"north": {"uv": [2.5, 2.5, 5, 3.25], "texture": "#0"},
				"east": {"uv": [0, 2.5, 2.5, 3.25], "texture": "#0"},
				"south": {"uv": [7.5, 2.5, 10, 3.25], "texture": "#0"},
				"west": {"uv": [5, 2.5, 7.5, 3.25], "texture": "#0"},
				"up": {"uv": [5, 2.5, 2.5, 0], "texture": "#0"},
				"down": {"uv": [7.5, 0, 5, 2.5], "texture": "#0"}
			}
		},
		{
			"from": [5, 10, 6.5],
			"to": [11, 15, 11.5],
			"rotation": {"angle": 45, "axis": "x", "origin": [8, 14, 9]},
			"faces": {
				"north": {"uv": [1.25, 7.25, 2.75, 8.5], "texture": "#0"},
				"east": {"uv": [0, 7.25, 1.25, 8.5], "texture": "#0"},
				"south": {"uv": [4, 7.25, 5.5, 8.5], "texture": "#0"},
				"west": {"uv": [2.75, 7.25, 4, 8.5], "texture": "#0"},
				"up": {"uv": [2.75, 7.25, 1.25, 6], "texture": "#0"},
				"down": {"uv": [4.25, 6, 2.75, 7.25], "texture": "#0"}
			}
		},
		{
			"from": [4, 10, 4],
			"to": [12, 13, 12],
			"rotation": {"angle": 0, "axis": "y", "origin": [0, -1, 0]},
			"faces": {
				"north": {"uv": [2, 5.25, 4, 6], "texture": "#0"},
				"east": {"uv": [0, 5.25, 2, 6], "texture": "#0"},
				"south": {"uv": [6, 5.25, 8, 6], "texture": "#0"},
				"west": {"uv": [4, 5.25, 6, 6], "texture": "#0"},
				"up": {"uv": [4, 5.25, 2, 3.25], "texture": "#0"},
				"down": {"uv": [6, 3.25, 4, 5.25], "texture": "#0"}
			}
		},
		{
			"from": [6, 12, 9],
			"to": [10, 17, 14],
			"rotation": {"angle": -22.5, "axis": "x", "origin": [8, 14, 13]},
			"faces": {
				"north": {"uv": [6.75, 7.25, 7.75, 8.5], "texture": "#0"},
				"east": {"uv": [5.5, 7.25, 6.75, 8.5], "texture": "#0"},
				"south": {"uv": [9, 7.25, 10, 8.5], "texture": "#0"},
				"west": {"uv": [7.75, 7.25, 9, 8.5], "texture": "#0"},
				"up": {"uv": [7.75, 7.25, 6.75, 6], "texture": "#0"},
				"down": {"uv": [8.75, 6, 7.75, 7.25], "texture": "#0"}
			}
		},
		{
			"from": [7, 10.38791, 12.92284],
			"to": [9, 13.38791, 15.92284],
			"rotation": {"angle": 0, "axis": "x", "origin": [8, 13.88791, 11.42284]},
			"faces": {
				"north": {"uv": [0.75, 0.75, 1.25, 1.5], "texture": "#0"},
				"east": {"uv": [0, 0.75, 0.75, 1.5], "texture": "#0"},
				"south": {"uv": [2, 0.75, 2.5, 1.5], "texture": "#0"},
				"west": {"uv": [1.25, 0.75, 2, 1.5], "texture": "#0"},
				"up": {"uv": [1.25, 0.75, 0.75, 0], "texture": "#0"},
				"down": {"uv": [1.75, 0, 1.25, 0.75], "texture": "#0"}
			}
		}
	],
	"display": {
		"thirdperson_righthand": {
			"rotation": [-62, 180, 0],
			"translation": [0, -4.5, 0],
			"scale": [0.7, 0.7, 0.7]
		},
		"thirdperson_lefthand": {
			"rotation": [-62, 180, 0],
			"translation": [0, -4.5, 0],
			"scale": [0.7, 0.7, 0.7]
		},
		"firstperson_righthand": {
			"translation": [-1.25, 1.25, 0],
			"scale": [0.8, 0.8, 0.8]
		},
		"firstperson_lefthand": {
			"translation": [-1.25, 1.25, 0],
			"scale": [0.8, 0.8, 0.8]
		},
		"ground": {
			"translation": [0, -1.5, 0]
		},
		"gui": {
			"rotation": [18, -131, 0],
			"translation": [0, -3.5, 0]
		},
		"head": {
			"translation": [0, 4.75, 0],
			"scale": [1.6, 1.6, 1.6]
		},
		"fixed": {
			"translation": [0, -3, 0]
		}
	}
}