{
	"credit": "Made with Blockbench",
	"textures": {
		"0": "block/carved_pumpkin/27",
		"particle": "block/carved_pumpkin/27"
	},
	"elements": [
		{
			"from": [7, 8, 6],
			"to": [8, 9, 9],
			"faces": {
				"north": {"uv": [10, 8, 11, 9], "texture": "#0"},
				"east": {"uv": [7, 8, 10, 9], "texture": "#0"},
				"south": {"uv": [14, 8, 15, 9], "texture": "#0"},
				"west": {"uv": [11, 8, 14, 9], "texture": "#0"},
				"up": {"uv": [11, 8, 10, 5], "texture": "#0"},
				"down": {"uv": [12, 5, 11, 8], "texture": "#0"}
			}
		},
		{
			"from": [4, 9, 6],
			"to": [9, 17, 6],
			"faces": {
				"north": {"uv": [0, 0, 5, 8], "texture": "#0"},
				"east": {"uv": [0, 0, 0, 8], "texture": "#0"},
				"south": {"uv": [5, 0, 10, 8], "texture": "#0"},
				"west": {"uv": [5, 0, 5, 8], "texture": "#0"},
				"up": {"uv": [5, 0, 0, 0], "texture": "#0"},
				"down": {"uv": [10, 0, 5, 0], "texture": "#0"}
			}
		}
	],
	"display": {
		"thirdperson_lefthand": {
			"translation": [-1, 0, 0]
		},
		"ground": {
			"translation": [0, -2.25, 0]
		},
		"gui": {
			"rotation": [18, -158, 0],
			"translation": [-3, -2.25, 0],
			"scale": [4, 4, 4]
		},
		"head": {
			"rotation": [0, 24.75, 0],
			"translation": [-0.5, -5, -7.75],
			"scale": [1.6, 1.6, 1.6]
		},
		"fixed": {
			"translation": [0, -2, 0],
			"scale": [2, 2, 2]
		}
	}
}