{
	"credit": "Made with Blockbench",
	"texture_size": [32, 32],
	"textures": {
		"0": "block/carved_pumpkin/4",
		"particle": "block/carved_pumpkin/4"
	},
	"elements": [
		{
			"from": [5, 8, 7],
			"to": [11, 9, 8],
			"rotation": {"angle": 0, "axis": "y", "origin": [8, 10, 7.5]},
			"faces": {
				"north": {"uv": [0.5, 5.5, 3.5, 6], "texture": "#0"},
				"east": {"uv": [0, 5.5, 0.5, 6], "texture": "#0"},
				"south": {"uv": [4, 5.5, 7, 6], "texture": "#0"},
				"west": {"uv": [3.5, 5.5, 4, 6], "texture": "#0"},
				"up": {"uv": [3.5, 5.5, 0.5, 5], "texture": "#0"},
				"down": {"uv": [6.5, 5, 3.5, 5.5], "texture": "#0"}
			}
		},
		{
			"from": [7, 8.21677, 5.67558],
			"to": [9, 9.71677, 6.67558],
			"rotation": {"angle": 45, "axis": "x", "origin": [8, 8.96677, 6.17558]},
			"faces": {
				"north": {"uv": [0.5, 11, 1.5, 11.5], "texture": "#0"},
				"east": {"uv": [0, 11, 0.5, 11.5], "texture": "#0"},
				"south": {"uv": [2, 11, 3, 11.5], "texture": "#0"},
				"west": {"uv": [1.5, 11, 2, 11.5], "texture": "#0"},
				"up": {"uv": [1.5, 11, 0.5, 10.5], "texture": "#0"},
				"down": {"uv": [2.5, 10.5, 1.5, 11], "texture": "#0"}
			}
		},
		{
			"from": [5, 7.46677, 6.17558],
			"to": [11, 10.46677, 6.17558],
			"rotation": {"angle": 45, "axis": "x", "origin": [8, 8.96677, 6.17558]},
			"faces": {
				"north": {"uv": [0, 9, 3, 10.5], "texture": "#0"},
				"east": {"uv": [0, 9, 0, 10.5], "texture": "#0"},
				"south": {"uv": [3, 9, 6, 10.5], "texture": "#0"},
				"west": {"uv": [3, 9, 3, 10.5], "texture": "#0"},
				"up": {"uv": [3, 9, 0, 9], "texture": "#0"},
				"down": {"uv": [6, 9, 3, 9], "texture": "#0"}
			}
		},
		{
			"from": [11, 8, 7],
			"to": [17, 12, 8],
			"rotation": {"angle": 0, "axis": "y", "origin": [8, 10, 7.5]},
			"faces": {
				"north": {"uv": [4, 3, 7, 5], "texture": "#0"},
				"east": {"uv": [3.5, 3, 4, 5], "texture": "#0"},
				"south": {"uv": [7.5, 3, 10.5, 5], "texture": "#0"},
				"west": {"uv": [7, 3, 7.5, 5], "texture": "#0"},
				"up": {"uv": [7, 3, 4, 2.5], "texture": "#0"},
				"down": {"uv": [10, 2.5, 7, 3], "texture": "#0"}
			}
		},
		{
			"from": [-1, 8, 7],
			"to": [5, 12, 8],
			"rotation": {"angle": 0, "axis": "y", "origin": [8, 10, 7.5]},
			"faces": {
				"north": {"uv": [4, 0.5, 7, 2.5], "texture": "#0"},
				"east": {"uv": [3.5, 0.5, 4, 2.5], "texture": "#0"},
				"south": {"uv": [7.5, 0.5, 10.5, 2.5], "texture": "#0"},
				"west": {"uv": [7, 0.5, 7.5, 2.5], "texture": "#0"},
				"up": {"uv": [7, 0.5, 4, 0], "texture": "#0"},
				"down": {"uv": [10, 0, 7, 0.5], "texture": "#0"}
			}
		},
		{
			"from": [12, 12, 7],
			"to": [16, 13, 8],
			"rotation": {"angle": 0, "axis": "y", "origin": [8, 10, 7.5]},
			"faces": {
				"north": {"uv": [0.5, 7.5, 2.5, 8], "texture": "#0"},
				"east": {"uv": [0, 7.5, 0.5, 8], "texture": "#0"},
				"south": {"uv": [3, 7.5, 5, 8], "texture": "#0"},
				"west": {"uv": [2.5, 7.5, 3, 8], "texture": "#0"},
				"up": {"uv": [2.5, 7.5, 0.5, 7], "texture": "#0"},
				"down": {"uv": [4.5, 7, 2.5, 7.5], "texture": "#0"}
			}
		},
		{
			"from": [0, 7, 7],
			"to": [4, 8, 8],
			"rotation": {"angle": 0, "axis": "y", "origin": [8, 10, 7.5]},
			"faces": {
				"north": {"uv": [7, 5, 9, 5.5], "texture": "#0"},
				"east": {"uv": [6.5, 5, 7, 5.5], "texture": "#0"},
				"south": {"uv": [9.5, 5, 11.5, 5.5], "texture": "#0"},
				"west": {"uv": [9, 5, 9.5, 5.5], "texture": "#0"},
				"up": {"uv": [9, 5, 7, 4.5], "texture": "#0"},
				"down": {"uv": [11, 4.5, 9, 5], "texture": "#0"}
			}
		},
		{
			"from": [12, 7, 7],
			"to": [16, 8, 8],
			"rotation": {"angle": 0, "axis": "y", "origin": [8, 10, 7.5]},
			"faces": {
				"north": {"uv": [7, 2.5, 9, 3], "texture": "#0"},
				"east": {"uv": [6.5, 2.5, 7, 3], "texture": "#0"},
				"south": {"uv": [9.5, 2.5, 11.5, 3], "texture": "#0"},
				"west": {"uv": [9, 2.5, 9.5, 3], "texture": "#0"},
				"up": {"uv": [9, 2.5, 7, 2], "texture": "#0"},
				"down": {"uv": [11, 2, 9, 2.5], "texture": "#0"}
			}
		},
		{
			"from": [0, 12, 7],
			"to": [4, 13, 8],
			"rotation": {"angle": 0, "axis": "y", "origin": [8, 10, 7.5]},
			"faces": {
				"north": {"uv": [6.5, 6.5, 8.5, 7], "texture": "#0"},
				"east": {"uv": [6, 6.5, 6.5, 7], "texture": "#0"},
				"south": {"uv": [9, 6.5, 11, 7], "texture": "#0"},
				"west": {"uv": [8.5, 6.5, 9, 7], "texture": "#0"},
				"up": {"uv": [8.5, 6.5, 6.5, 6], "texture": "#0"},
				"down": {"uv": [10.5, 6, 8.5, 6.5], "texture": "#0"}
			}
		}
	],
	"display": {
		"thirdperson_righthand": {
			"rotation": [-29.5, 90, 0],
			"translation": [0, -1.25, 1.5],
			"scale": [0.7, 0.7, 0.7]
		},
		"thirdperson_lefthand": {
			"rotation": [-29.5, 90, 0],
			"translation": [0, -1.25, 1.5],
			"scale": [0.7, 0.7, 0.7]
		},
		"firstperson_righthand": {
			"rotation": [0, 102, 0],
			"translation": [-2.25, 3, 0],
			"scale": [0.7, 0.7, 0.7]
		},
		"firstperson_lefthand": {
			"rotation": [0, 102, 0],
			"translation": [-2.25, 3, 0],
			"scale": [0.7, 0.7, 0.7]
		},
		"ground": {
			"rotation": [90, 0, 0],
			"translation": [0, -1.25, 0]
		},
		"gui": {
			"rotation": [-9, -135, 0],
			"translation": [0, -1.25, 0]
		},
		"head": {
			"translation": [0, 6, 1.5],
			"scale": [1.6, 1.6, 1.6]
		},
		"fixed": {
			"translation": [0, 0, 1]
		}
	}
}