{
	"credit": "Made with Blockbench",
	"texture_size": [32, 32],
	"textures": {
		"0": "block/carved_pumpkin/8",
		"particle": "block/carved_pumpkin/8"
	},
	"elements": [
		{
			"from": [3.75, 6, 3.75],
			"to": [12.25, 9, 12.25],
			"faces": {
				"north": {"uv": [4, 4, 8, 5.5], "texture": "#0"},
				"east": {"uv": [0, 4, 4, 5.5], "texture": "#0"},
				"south": {"uv": [12, 4, 16, 5.5], "texture": "#0"},
				"west": {"uv": [8, 4, 12, 5.5], "texture": "#0"},
				"up": {"uv": [8, 4, 4, 0], "texture": "#0"},
				"down": {"uv": [12, 0, 8, 4], "texture": "#0"}
			}
		},
		{
			"from": [3.75, 6, 0.25],
			"to": [12.25, 6, 3.75],
			"faces": {
				"north": {"uv": [1.5, 7, 5.5, 7], "texture": "#0"},
				"east": {"uv": [0, 7, 1.5, 7], "texture": "#0"},
				"south": {"uv": [7, 7, 11, 7], "texture": "#0"},
				"west": {"uv": [5.5, 7, 7, 7], "texture": "#0"},
				"up": {"uv": [5.5, 7, 1.5, 5.5], "texture": "#0"},
				"down": {"uv": [9.5, 5.5, 5.5, 7], "texture": "#0"}
			}
		},
		{
			"from": [12, 2, 3.25],
			"to": [12.5, 2.75, 8],
			"rotation": {"angle": -22.5, "axis": "x", "origin": [12.375, 3.5, 5]},
			"faces": {
				"north": {"uv": [2, 2, 2, 2], "texture": "#0"},
				"east": {"uv": [0, 2, 2, 2], "texture": "#0"},
				"south": {"uv": [4, 2, 4, 2], "texture": "#0"},
				"west": {"uv": [2, 2, 4, 2], "texture": "#0"},
				"up": {"uv": [2, 2, 2, 0], "texture": "#0"},
				"down": {"uv": [2, 0, 2, 2], "texture": "#0"}
			}
		},
		{
			"from": [12, 3, 7],
			"to": [12.75, 5, 9],
			"faces": {
				"north": {"uv": [1, 1, 1, 2], "texture": "#0"},
				"east": {"uv": [0, 1, 1, 2], "texture": "#0"},
				"south": {"uv": [2, 1, 2, 2], "texture": "#0"},
				"west": {"uv": [1, 1, 2, 2], "texture": "#0"},
				"up": {"uv": [1, 1, 1, 0], "texture": "#0"},
				"down": {"uv": [1, 0, 1, 1], "texture": "#0"}
			}
		},
		{
			"from": [9, 1.45, 3.5],
			"to": [12.525, 2.2, 4],
			"faces": {
				"north": {"uv": [0, 1.5, 1.5, 1.5], "texture": "#0"},
				"east": {"uv": [0, 1.5, 0, 1.5], "texture": "#0"},
				"south": {"uv": [1.5, 1.5, 3, 1.5], "texture": "#0"},
				"west": {"uv": [1.5, 1.5, 1.5, 1.5], "texture": "#0"},
				"up": {"uv": [1.5, 1.5, 0, 1.5], "texture": "#0"},
				"down": {"uv": [3, 1.5, 1.5, 1.5], "texture": "#0"}
			}
		}
	],
	"display": {
		"thirdperson_righthand": {
			"rotation": [-180, -11, -90],
			"translation": [0.5, -2, -3.5],
			"scale": [0.7, 0.7, 0.7]
		},
		"thirdperson_lefthand": {
			"rotation": [-180, -11, -90],
			"translation": [0.5, -2, -3.5],
			"scale": [0.7, 0.7, 0.7]
		},
		"firstperson_righthand": {
			"rotation": [0, 144, 0],
			"translation": [0, 4.75, 0]
		},
		"firstperson_lefthand": {
			"rotation": [0, 144, 0],
			"translation": [0, 4.75, 0]
		},
		"ground": {
			"translation": [0, -1.25, 0]
		},
		"gui": {
			"rotation": [13, -155, 0],
			"translation": [0, 4, 0],
			"scale": [1.2, 1.2, 1.2]
		},
		"head": {
			"translation": [0, 5.5, 0],
			"scale": [1.6, 1.6, 1.6]
		}
	}
}